Std_id,Student,Maths,Science,English,Total_Marks,Average,Grade
101,Alice,85,80,78,243,81.0,B
102,Bob,90,85,82,257,85.66666666666667,B
103,Charlie,78,82,85,245,81.66666666666667,B
104,David,92,88,90,270,90.0,A
105,Eve,88,90,87,265,88.33333333333333,B
